{
  "train_k1": {
    "shape": [
      202301,
      4
    ],
    "mean": 0.25,
    "std": 0.07158398628234863,
    "min": 0.0,
    "max": 0.707602322101593,
    "sparsity": 0.00017053796076143963
  },
  "train_k2": {
    "shape": [
      202301,
      16
    ],
    "mean": 0.0625,
    "std": 0.03340872749686241,
    "min": 0.0,
    "max": 0.5529412031173706,
    "sparsity": 0.012718053791133015
  },
  "train_k3": {
    "shape": [
      202301,
      64
    ],
    "mean": 0.015625,
    "std": 0.013278008438646793,
    "min": 0.0,
    "max": 0.4615384638309479,
    "sparsity": 0.12075068524129885
  },
  "train_k4": {
    "shape": [
      202301,
      256
    ],
    "mean": 0.00390625,
    "std": 0.005439335014671087,
    "min": 0.0,
    "max": 0.4385964870452881,
    "sparsity": 0.4798327469031295
  },
  "train_k5": {
    "shape": [
      202301,
      1024
    ],
    "mean": 0.0009765625,
    "std": 0.0024071636144071817,
    "min": 0.0,
    "max": 0.4247787594795227,
    "sparsity": 0.8115898752817584
  },
  "val_k1": {
    "shape": [
      43350,
      4
    ],
    "mean": 0.25,
    "std": 0.07171858847141266,
    "min": 0.0,
    "max": 0.6726190447807312,
    "sparsity": 0.000196078431372549
  },
  "val_k2": {
    "shape": [
      43350,
      16
    ],
    "mean": 0.0625,
    "std": 0.03341306746006012,
    "min": 0.0,
    "max": 0.49700599908828735,
    "sparsity": 0.01283881199538639
  },
  "val_k3": {
    "shape": [
      43350,
      64
    ],
    "mean": 0.015625,
    "std": 0.013273521326482296,
    "min": 0.0,
    "max": 0.4313725531101227,
    "sparsity": 0.12085063437139562
  },
  "val_k4": {
    "shape": [
      43350,
      256
    ],
    "mean": 0.00390625,
    "std": 0.005434895399957895,
    "min": 0.0,
    "max": 0.40594059228897095,
    "sparsity": 0.4800814590542099
  },
  "val_k5": {
    "shape": [
      43350,
      1024
    ],
    "mean": 0.0009765625,
    "std": 0.0024049386847764254,
    "min": 0.0,
    "max": 0.3799999952316284,
    "sparsity": 0.8116674325980392
  },
  "test_k1": {
    "shape": [
      43351,
      4
    ],
    "mean": 0.25,
    "std": 0.07178378850221634,
    "min": 0.0,
    "max": 0.73828125,
    "sparsity": 0.00024797582524047887
  },
  "test_k2": {
    "shape": [
      43351,
      16
    ],
    "mean": 0.0625,
    "std": 0.033465925604104996,
    "min": 0.0,
    "max": 0.5027624368667603,
    "sparsity": 0.01304468178358054
  },
  "test_k3": {
    "shape": [
      43351,
      64
    ],
    "mean": 0.015625,
    "std": 0.013314448297023773,
    "min": 0.0,
    "max": 0.46022728085517883,
    "sparsity": 0.12110771666166871
  },
  "test_k4": {
    "shape": [
      43351,
      256
    ],
    "mean": 0.00390625,
    "std": 0.005457014311105013,
    "min": 0.0,
    "max": 0.4285714328289032,
    "sparsity": 0.48020761848054255
  },
  "test_k5": {
    "shape": [
      43351,
      1024
    ],
    "mean": 0.0009765625,
    "std": 0.0024144439958035946,
    "min": 0.0,
    "max": 0.4252873659133911,
    "sparsity": 0.8116219700453854
  }
}