{
  "logistic_regression": {
    "train": {
      "accuracy": 0.5375900267423295,
      "precision_macro": 0.5450129759837631,
      "recall_macro": 0.5403363506858708,
      "f1_macro": 0.5410691229285182,
      "auc_macro": 0.7345785628246487
    },
    "val": {
      "accuracy": 0.5400230680507497,
      "precision_macro": 0.546724872270585,
      "recall_macro": 0.5427560204271287,
      "f1_macro": 0.5432866445581777,
      "auc_macro": 0.7346133488737926
    },
    "test": {
      "accuracy": 0.5366196858203963,
      "precision_macro": 0.54394626668004,
      "recall_macro": 0.5391900265291671,
      "f1_macro": 0.5401112583268654,
      "auc_macro": 0.7337075413798374
    }
  },
  "random_forest": {
    "train": {
      "accuracy": 0.7150335391322831,
      "precision_macro": 0.7192342785708262,
      "recall_macro": 0.7130155430173265,
      "f1_macro": 0.7145983112194297,
      "auc_macro": 0.8844284402432571
    },
    "val": {
      "accuracy": 0.6518800461361015,
      "precision_macro": 0.6544999554961332,
      "recall_macro": 0.6497852777845429,
      "f1_macro": 0.6514267455064325,
      "auc_macro": 0.8440794169791753
    },
    "test": {
      "accuracy": 0.6499273373163249,
      "precision_macro": 0.6531226904864683,
      "recall_macro": 0.6477456185514322,
      "f1_macro": 0.6495328051678609,
      "auc_macro": 0.8433019060001506
    }
  },
  "xgboost": {
    "train": {
      "accuracy": 0.7023247537085827,
      "precision_macro": 0.7012403293398548,
      "recall_macro": 0.7033607293771427,
      "f1_macro": 0.701821921177476,
      "auc_macro": 0.8842241064639197
    },
    "val": {
      "accuracy": 0.6739792387543253,
      "precision_macro": 0.6726628570091338,
      "recall_macro": 0.6748289770077324,
      "f1_macro": 0.6733568963810672,
      "auc_macro": 0.8658702329623605
    },
    "test": {
      "accuracy": 0.6731101935364813,
      "precision_macro": 0.6718370372220211,
      "recall_macro": 0.6740237355789231,
      "f1_macro": 0.672557109928834,
      "auc_macro": 0.8650347782364441
    }
  }
}