{
  "train": {
    "accuracy": 0.730762576556715,
    "f1_macro": 0.7297357044416574,
    "auc_macro": 0.9044823460145439
  },
  "val": {
    "accuracy": 0.6927104959630911,
    "f1_macro": 0.6917871538475745,
    "auc_macro": 0.8787712831913623
  },
  "test": {
    "accuracy": 0.6941939055615788,
    "f1_macro": 0.6933972457953318,
    "auc_macro": 0.8780232548165752
  }
}